UIM,Agreement Number,Name,Email,City,Amount
5166457105236,9746370336,Chris Garcia,chris.garcia852@mail.com,Sunnyvale,3164.17
3000925135193,3953479227,Chris Jones,chris.jones629@mail.com,Fremont,6037.22
8466151803585,6505636192,Chris Davis,chris.davis322@test.com,Fremont,5388.52
4564168020918,9482349741,Riley Garcia,riley.garcia943@mail.com,Palo Alto,1851.41
2623029220780,3503137428,Jane Miller,jane.miller187@mail.com,San Jose,1786.3
7861002521159,8097150091,Casey Johnson,casey.johnson235@mail.com,San Jose,2788.13
9635607795435,6895880842,Riley Garcia,riley.garcia942@mail.com,Cupertino,4485.17
1464556047986,8382843784,Riley Garcia,riley.garcia174@mail.com,San Jose,4073.69
5770746947880,3861093530,Jane Jones,jane.jones146@test.com,Mountain View,358.67
2501416560193,9118354525,Chris Brown,chris.brown669@mail.com,Mountain View,2741.14
2434889374693,2480724879,Jordan Miller,jordan.miller387@test.com,Sunnyvale,1041.11
7529207175209,2553355314,Taylor Brown,taylor.brown83@mail.com,Cupertino,6789.51
2070722160252,1375831195,Casey Williams,casey.williams662@mail.com,San Jose,2143.0
8466235640611,6347888706,John Martinez,john.martinez146@mail.com,Milpitas,870.67
1487479630200,664461100,Jane Davis,jane.davis883@mail.com,Milpitas,3053.61
4958326364469,3291144664,Alex Johnson,alex.johnson819@example.com,Santa Clara,8350.77
0662797232582,755320855,Pat Rodriguez,pat.rodriguez751@mail.com,Mountain View,9552.47
686013404687,5824980082,Jane Rodriguez,jane.rodriguez388@mail.com,Fremont,3642.87
7211524402871,8368929897,Casey Davis,casey.davis879@example.com,Santa Clara,6833.28
6721971104214,4237607069,Casey Rodriguez,casey.rodriguez273@mail.com,Palo Alto,8506.97
5814251286493,2097436142,Casey Rodriguez,casey.rodriguez363@mail.com,Fremont,4883.71
9520453736293,6228698317,Chris Jones,chris.jones401@mail.com,Milpitas,2344.88
5659037259135,7831672901,John Smith,john.smith557@example.com,Santa Clara,9705.62
672689487142,7552399269,Morgan Williams,morgan.williams686@test.com,Santa Clara,848.36
6972030144680,7013457160,Chris Garcia,chris.garcia299@example.com,Fremont,5445.65
6698251018798,795807263,Pat Rodriguez,pat.rodriguez193@test.com,Palo Alto,7930.15
1311203829449,5050725712,Pat Martinez,pat.martinez281@test.com,Fremont,3235.93
3544218632406,6129361324,Riley Garcia,riley.garcia625@mail.com,Milpitas,6325.87
5166916300860,6252233391,John Martinez,john.martinez737@mail.com,Mountain View,9922.94
6493415299431,7743566647,John Smith,john.smith339@test.com,Sunnyvale,7747.33
0599519997534,3530808481,Jane Brown,jane.brown214@test.com,Mountain View,8289.44
8066602093479,6537489943,Taylor Garcia,taylor.garcia985@test.com,Santa Clara,216.71
2833397345531,0737078783,Taylor Johnson,taylor.johnson33@example.com,Mountain View,5912.93
1176945805200,2868785132,John Jones,john.jones103@mail.com,Fremont,7375.39
7911312422877,7691264897,Pat Martinez,pat.martinez488@mail.com,Palo Alto,7390.97
7245310803088,9235077622,Alex Rodriguez,alex.rodriguez627@mail.com,Sunnyvale,8793.38
4829589081596,8540819341,Chris Jones,chris.jones173@mail.com,Mountain View,8491.62
7416960607216,796751335,John Garcia,john.garcia732@test.com,Cupertino,9310.2
6491098114910,5622653306,Chris Smith,chris.smith780@example.com,Santa Clara,4110.79
0302290297335,9270970933,Jordan Miller,jordan.miller168@example.com,Cupertino,1021.96
9116791690334,1086496889,Jordan Williams,jordan.williams91@test.com,Palo Alto,4724.06
6132987577059,2578649261,Taylor Smith,taylor.smith261@example.com,Milpitas,6020.8
8239435467145,1073830292,John Miller,john.miller147@example.com,Cupertino,2207.85
1755279232546,8065888591,Taylor Smith,taylor.smith830@test.com,Palo Alto,4742.27
5998584537148,6120744679,Taylor Martinez,taylor.martinez482@test.com,Mountain View,6952.04
2970829199616,3987269209,Chris Miller,chris.miller35@example.com,Palo Alto,5497.24
4255117624292,3624809328,Alex Williams,alex.williams131@test.com,Palo Alto,4195.56
9765833850803,9121900932,Alex Johnson,alex.johnson835@example.com,Cupertino,1277.34
0710643687041,4335900550,Jane Johnson,jane.johnson784@example.com,Palo Alto,5488.85
8384494323204,4857134166,Riley Brown,riley.brown823@example.com,Sunnyvale,7835.31
0851336056236,1511533885,Morgan Smith,morgan.smith905@test.com,Fremont,5772.96
6292593104114,2675284687,Pat Smith,pat.smith95@test.com,Mountain View,8686.18
4060453287626,8536319931,Chris Davis,chris.davis802@mail.com,Mountain View,2778.94
1631390934933,0796479815,Taylor Smith,taylor.smith164@test.com,Fremont,7105.95
1218267339550,1008760417,Jordan Williams,jordan.williams199@example.com,Sunnyvale,7285.53
1009046622026,4617379890,Alex Brown,alex.brown349@test.com,Mountain View,3349.09
3203461356699,2717457512,Morgan Miller,morgan.miller227@example.com,Palo Alto,3818.77
2984779720711,5176549236,Riley Williams,riley.williams834@example.com,Fremont,3005.02
2674373433730,3650638863,Pat Johnson,pat.johnson602@test.com,Palo Alto,4624.87
4561434215103,2501237529,Pat Johnson,pat.johnson472@mail.com,San Jose,8351.59
4609034546919,9516383711,Taylor Miller,taylor.miller20@example.com,Palo Alto,2701.73
5190821883810,0553460987,Casey Smith,casey.smith711@test.com,Mountain View,6058.43
8932028297450,5930342609,Jane Jones,jane.jones826@test.com,San Jose,3995.77
9764215043343,185457342,Jordan Williams,jordan.williams38@test.com,Palo Alto,1856.9
3260232753638,27063110,Morgan Smith,morgan.smith895@mail.com,Palo Alto,8654.7
2937296378342,7506295982,Alex Jones,alex.jones936@test.com,Santa Clara,7934.18
3394205017812,026737712,John Johnson,john.johnson954@mail.com,Fremont,9096.8
6751847876217,370254152,Morgan Brown,morgan.brown799@mail.com,Mountain View,8514.39
3280036719327,0606618762,Pat Rodriguez,pat.rodriguez230@mail.com,Fremont,6698.87
0723318886027,1333737964,Jane Williams,jane.williams727@mail.com,Milpitas,9198.22
7473443518420,4751325878,Jane Davis,jane.davis224@test.com,Milpitas,858.21
1553850151461,0122244473,Pat Martinez,pat.martinez976@test.com,Santa Clara,2392.4
9367810737385,4102536171,Morgan Johnson,morgan.johnson222@mail.com,Palo Alto,956.6
6593071335639,4637512989,Riley Garcia,riley.garcia970@mail.com,Santa Clara,8778.99
051208657291,1628121606,Jane Williams,jane.williams178@example.com,Santa Clara,6504.35
2255739875326,2178374555,John Davis,john.davis107@example.com,Milpitas,319.68
7809699296587,2339659384,Casey Garcia,casey.garcia282@example.com,Milpitas,6355.86
745189113854,1511987810,Morgan Smith,morgan.smith687@example.com,Mountain View,5007.83
0127627563883,9337423171,Taylor Davis,taylor.davis942@test.com,Santa Clara,6070.16
1696727675331,4365882414,Morgan Brown,morgan.brown185@example.com,Milpitas,2325.44
4440548046529,8728718364,Jane Rodriguez,jane.rodriguez422@mail.com,Milpitas,6191.98
9312765647938,674443038,Chris Garcia,chris.garcia502@mail.com,Santa Clara,2012.18
3525292673193,1869794301,Pat Miller,pat.miller722@mail.com,Palo Alto,8476.56
6058360258640,2974874537,Chris Brown,chris.brown427@test.com,Santa Clara,3038.57
1057595644837,623035888,Morgan Miller,morgan.miller694@mail.com,San Jose,4720.34
7369338906426,1859063584,Casey Johnson,casey.johnson54@mail.com,Santa Clara,5683.79
9503289950235,9626200300,Riley Williams,riley.williams152@mail.com,San Jose,6843.78
4378780319240,5601518652,Jordan Smith,jordan.smith395@mail.com,Cupertino,5984.04
2526085975298,973371534,Chris Smith,chris.smith656@test.com,Milpitas,5690.66
3134462484109,5578767151,John Rodriguez,john.rodriguez878@mail.com,Mountain View,5828.73
1122423248183,6631356474,John Davis,john.davis623@mail.com,Santa Clara,4842.72
8105284034357,40925391,Riley Jones,riley.jones978@test.com,Fremont,2658.43
8976469450183,0873877298,Alex Garcia,alex.garcia468@mail.com,Santa Clara,7227.51
2909446315637,7052596329,Pat Miller,pat.miller256@example.com,Mountain View,4752.96
9243172406621,8537120569,John Brown,john.brown539@example.com,San Jose,5785.0
4646007361935,2419979533,Casey Brown,casey.brown363@mail.com,Cupertino,784.59
2646758753117,9309949377,Chris Davis,chris.davis435@example.com,Fremont,5935.82
9038595983232,9489702081,Riley Martinez,riley.martinez635@example.com,Palo Alto,683.59
905951377740,6055984244,Chris Miller,chris.miller928@example.com,San Jose,2448.45
1171427287844,3134539334,Alex Smith,alex.smith722@test.com,Palo Alto,6526.23
0193932181216,7606171558,John Johnson,john.johnson539@mail.com,Cupertino,7615.05
7756093134032,6772540105,Casey Miller,casey.miller542@mail.com,Sunnyvale,551.29
308200064901,2634865308,John Williams,john.williams478@example.com,Fremont,7190.6
5840084292343,3827831970,Riley Garcia,riley.garcia797@test.com,Milpitas,3155.02
7856093424932,7668921373,Pat Johnson,pat.johnson246@test.com,Milpitas,4779.89
6967440634235,5185035838,Jane Johnson,jane.johnson69@example.com,Milpitas,1514.73
6569076419855,0548957792,Morgan Rodriguez,morgan.rodriguez208@test.com,Cupertino,9758.41
4683910932383,7035686558,Jane Brown,jane.brown459@example.com,Santa Clara,2032.51
1436495515872,6911740385,Riley Miller,riley.miller392@example.com,Palo Alto,4065.22
7429036950664,1842466468,Casey Johnson,casey.johnson491@example.com,Sunnyvale,1143.19
2905370764568,0591658194,Alex Brown,alex.brown200@example.com,Santa Clara,8350.77
3768777315562,5730693808,Taylor Williams,taylor.williams993@example.com,Cupertino,1605.28
9865766147472,8432596122,Casey Brown,casey.brown490@mail.com,Milpitas,5610.32
2239793786299,5762661891,Jordan Garcia,jordan.garcia456@example.com,San Jose,2539.86
5220668761306,4524035882,John Miller,john.miller335@example.com,Palo Alto,4181.46
8541443262775,3558237422,Riley Jones,riley.jones817@example.com,Milpitas,344.27
1280601025008,7737288787,John Jones,john.jones269@mail.com,Palo Alto,3107.37
9827376612842,7988536817,Morgan Brown,morgan.brown153@test.com,Mountain View,188.67
6226289337036,5889335851,Riley Rodriguez,riley.rodriguez870@mail.com,San Jose,6180.04
2930447821743,8108684331,Morgan Brown,morgan.brown9@example.com,Mountain View,6781.26
9346505547328,9828891881,Chris Smith,chris.smith842@test.com,Milpitas,4969.94
9627480739330,3140857532,Alex Brown,alex.brown865@example.com,Cupertino,9868.16
6182162784695,4330419654,Riley Martinez,riley.martinez974@example.com,Palo Alto,1813.59
8888474514006,1322135187,John Brown,john.brown601@test.com,Cupertino,5577.56
3346284750370,7553472193,John Miller,john.miller862@mail.com,San Jose,8974.05
5808274599051,3818740504,Taylor Davis,taylor.davis274@test.com,San Jose,9701.21
6568978821763,8955117402,Alex Davis,alex.davis239@example.com,Milpitas,1875.87
5543372743629,3282797996,Pat Smith,pat.smith169@example.com,Palo Alto,789.08
6319685943819,3580840388,Riley Williams,riley.williams75@test.com,Fremont,4309.52
7430188460836,9282185079,Morgan Davis,morgan.davis292@mail.com,Cupertino,2493.74
5573457065626,965823861,Jordan Jones,jordan.jones339@test.com,Milpitas,651.1
8260547889889,8944098668,Alex Smith,alex.smith388@mail.com,Mountain View,1908.31
2956945129712,173012074,Chris Davis,chris.davis50@example.com,Cupertino,6710.13
656237735429,6556288204,Taylor Smith,taylor.smith696@mail.com,Milpitas,6356.33
0058125840374,4281140465,Casey Williams,casey.williams95@example.com,San Jose,1766.13
2294304277265,7137116816,Riley Johnson,riley.johnson488@mail.com,Mountain View,3547.35
4825929575603,0722919980,Chris Jones,chris.jones121@test.com,Cupertino,1239.26
5659350168807,0787953778,Alex Garcia,alex.garcia597@test.com,Santa Clara,8554.37
5040130404386,748474487,Alex Rodriguez,alex.rodriguez729@example.com,Santa Clara,4433.0
8974039621904,0884848587,John Davis,john.davis962@example.com,Palo Alto,7494.88
4452098506864,6007944137,Chris Garcia,chris.garcia745@mail.com,Fremont,7802.32
541417684504,3638406098,Chris Williams,chris.williams510@mail.com,Milpitas,1497.12
8003589291824,4870866678,Chris Jones,chris.jones784@mail.com,Sunnyvale,9988.17
9808226251985,668171838,Alex Smith,alex.smith109@test.com,Milpitas,6280.1
655860785148,1063240333,Pat Davis,pat.davis370@example.com,Mountain View,2232.11
3569311186225,9768539814,Morgan Brown,morgan.brown330@test.com,San Jose,7331.77
6095944982937,6480965576,Chris Brown,chris.brown878@example.com,Milpitas,6352.75
5058809357483,2644601480,Riley Garcia,riley.garcia103@test.com,Fremont,8188.41
3866421602587,2272736639,Riley Smith,riley.smith222@mail.com,Palo Alto,7164.92
3128585561714,0670734300,Jane Jones,jane.jones769@example.com,San Jose,7158.32
6112747812030,8947974320,Alex Rodriguez,alex.rodriguez56@test.com,Santa Clara,110.42
5160383244486,6149492336,John Martinez,john.martinez412@example.com,Sunnyvale,6013.26
3311503732382,039331000,Alex Rodriguez,alex.rodriguez355@test.com,Fremont,4532.0
4277265397031,1284377030,Jane Martinez,jane.martinez612@mail.com,Santa Clara,8749.54
40385547978,5553384050,Chris Garcia,chris.garcia274@mail.com,Cupertino,4100.71
4147596218905,951228664,Casey Garcia,casey.garcia289@mail.com,Sunnyvale,4350.78
1050637017783,6877730274,Riley Jones,riley.jones75@mail.com,Cupertino,9908.26
7283832575998,0063688376,Alex Brown,alex.brown845@mail.com,Milpitas,7766.34
7654618596064,4161855256,Alex Smith,alex.smith877@example.com,Milpitas,3545.81
3040966446831,4996527384,Morgan Jones,morgan.jones689@mail.com,Fremont,3367.3
8399389989609,2556254490,Taylor Martinez,taylor.martinez380@test.com,Cupertino,6506.16
805808707819,9682627924,Casey Jones,casey.jones56@example.com,Cupertino,1288.19
5485084659874,111490830,Alex Johnson,alex.johnson167@test.com,Cupertino,4027.25
3650309862504,8256623359,Pat Garcia,pat.garcia465@test.com,Santa Clara,8964.64
0304070126189,9885311693,Chris Johnson,chris.johnson104@example.com,Fremont,4677.93
455136776663,6928469224,Pat Johnson,pat.johnson50@mail.com,Milpitas,1422.69
4447660488608,2068344531,Jane Brown,jane.brown663@example.com,Palo Alto,8712.93
843870112534,7377546984,Taylor Martinez,taylor.martinez535@example.com,Palo Alto,2551.41
8073023117216,2846114240,Chris Rodriguez,chris.rodriguez865@test.com,Cupertino,8526.32
8075080702694,970596096,Chris Brown,chris.brown139@test.com,Fremont,7582.28
0420263285488,706515628,Jordan Jones,jordan.jones7@mail.com,Palo Alto,2237.57
624737566646,3178423728,Jane Miller,jane.miller624@mail.com,Palo Alto,3895.93
0604469739006,6358942150,Chris Martinez,chris.martinez982@test.com,Sunnyvale,6256.79
4732711870310,3469540468,Chris Davis,chris.davis24@test.com,Milpitas,4004.31
6144436079403,9864687282,John Martinez,john.martinez909@example.com,Palo Alto,9798.32
2561527818080,6135647684,Alex Garcia,alex.garcia904@test.com,Cupertino,3623.16
0447377718813,1393411783,Taylor Smith,taylor.smith80@mail.com,Milpitas,9031.39
8498270605970,4508615108,Jane Smith,jane.smith270@example.com,Fremont,3229.87
6620438414704,843871445,Casey Williams,casey.williams560@example.com,Santa Clara,4137.55
6336676113736,5583425759,Jane Davis,jane.davis747@mail.com,Palo Alto,8894.22
7479334263924,02961903,Alex Williams,alex.williams975@mail.com,Cupertino,4203.59
8795053384526,1143072334,Taylor Rodriguez,taylor.rodriguez644@test.com,Fremont,1894.51
1784250063850,0446662494,Casey Johnson,casey.johnson276@mail.com,Palo Alto,7798.39
4827335212318,8313710311,Alex Smith,alex.smith624@mail.com,Santa Clara,4481.78
3425708568722,4030089128,Alex Jones,alex.jones831@example.com,Palo Alto,6700.25
6826976933203,3261121577,Chris Martinez,chris.martinez146@test.com,Sunnyvale,5559.48
9411836625504,9563953913,Jordan Davis,jordan.davis330@test.com,Cupertino,6438.25
3341545696957,9607731285,Morgan Martinez,morgan.martinez757@example.com,Santa Clara,2920.48
8633883895003,1641293084,Chris Jones,chris.jones693@test.com,San Jose,4413.27
1722141372294,4554729728,Jane Miller,jane.miller603@mail.com,Palo Alto,296.16
1189888352336,6430973208,Chris Davis,chris.davis2@mail.com,Sunnyvale,5253.36
1307713786021,4340885040,Casey Rodriguez,casey.rodriguez932@mail.com,Cupertino,6396.91
0297908074025,0174657241,Alex Jones,alex.jones709@mail.com,Sunnyvale,941.33
2821260648064,6826054874,John Williams,john.williams359@test.com,Mountain View,9009.42
6366922491488,1080821291,Taylor Smith,taylor.smith799@mail.com,Sunnyvale,9933.69
0580092504224,5496938970,Morgan Rodriguez,morgan.rodriguez206@example.com,San Jose,676.93
9000298744848,499586071,Jordan Davis,jordan.davis639@test.com,Fremont,7930.11
9064902303495,2772853935,Casey Davis,casey.davis689@example.com,Santa Clara,4419.48
7440682158748,0319551263,Jordan Johnson,jordan.johnson992@test.com,Mountain View,2105.57
5891018795524,5550137088,Jane Brown,jane.brown453@test.com,San Jose,6930.77
0187679844749,253474852,Morgan Brown,morgan.brown884@mail.com,Milpitas,4479.98
7841218942163,1329452986,Chris Rodriguez,chris.rodriguez909@test.com,Santa Clara,2537.85
5196369009820,8370035651,Taylor Jones,taylor.jones26@test.com,Fremont,1690.46
4363027686709,7511738620,Riley Smith,riley.smith545@mail.com,Mountain View,252.43
6228821916220,3198872429,Alex Johnson,alex.johnson589@mail.com,Fremont,2704.12
8982036141702,3127808259,Jane Miller,jane.miller757@example.com,Cupertino,7710.91
3126530227781,2517847399,Taylor Miller,taylor.miller875@mail.com,Cupertino,587.57
3381239551474,9738749580,Jordan Jones,jordan.jones464@test.com,San Jose,2082.22
4762263021837,322732142,Casey Rodriguez,casey.rodriguez501@mail.com,Palo Alto,4399.34
6990339415166,1749941927,Chris Davis,chris.davis425@test.com,Palo Alto,4737.97
0752596792266,057958620,Alex Rodriguez,alex.rodriguez752@example.com,Cupertino,590.07
1097720517489,5973735756,Alex Jones,alex.jones751@mail.com,San Jose,6486.32
5288445353483,1555782929,Chris Brown,chris.brown544@example.com,Cupertino,3935.86
101686722208,0882497883,Jane Williams,jane.williams10@mail.com,Cupertino,4819.75
5220357516986,1474035769,Taylor Garcia,taylor.garcia149@example.com,San Jose,8795.65
5365696235545,8045852492,Jane Martinez,jane.martinez185@example.com,Fremont,634.08
3495928658495,7260901601,Jordan Jones,jordan.jones44@test.com,Mountain View,2746.97
4209291375155,5761520476,John Miller,john.miller238@example.com,Sunnyvale,3255.24
7041552421730,2108174676,Jordan Miller,jordan.miller747@mail.com,San Jose,820.96
1531821608033,9573359364,Jordan Smith,jordan.smith32@mail.com,San Jose,5432.44
4973991741283,9435476580,Casey Rodriguez,casey.rodriguez105@mail.com,San Jose,660.48
6665186500680,6115162609,Pat Williams,pat.williams254@mail.com,Santa Clara,7918.07
1442384532058,3611852424,Alex Rodriguez,alex.rodriguez307@example.com,Mountain View,3432.21
5095445724268,141217970,Jane Smith,jane.smith607@mail.com,Milpitas,5002.59
0236377950961,3855858465,Riley Williams,riley.williams193@test.com,Palo Alto,5020.75
1694577687282,4407450648,Chris Williams,chris.williams386@mail.com,San Jose,2538.25
5736530676591,7165815325,Casey Williams,casey.williams109@example.com,Fremont,6609.97
2092262794816,0862438046,Riley Garcia,riley.garcia395@test.com,Palo Alto,4078.05
3307897969043,2363402670,John Miller,john.miller401@example.com,Mountain View,9599.16
4777630997941,2730468932,Alex Smith,alex.smith960@mail.com,San Jose,4619.21
466363474296,2075576235,Pat Jones,pat.jones112@test.com,Mountain View,6489.59
1925452727322,8943583466,Jordan Miller,jordan.miller888@mail.com,Mountain View,2094.36
5848289415694,3851334046,Jane Williams,jane.williams521@example.com,Palo Alto,2055.66
8697638132668,5807902895,Taylor Jones,taylor.jones113@mail.com,San Jose,3291.51
177266849782,7555482216,Chris Brown,chris.brown522@mail.com,Palo Alto,2108.74
9630189387237,4688693677,John Davis,john.davis170@example.com,Mountain View,3536.15
1234739890830,3560553211,John Brown,john.brown546@example.com,San Jose,1250.36
0468310841600,6873669536,Alex Jones,alex.jones138@example.com,Fremont,4594.69
0480886128875,9723614556,Morgan Martinez,morgan.martinez807@mail.com,Sunnyvale,6529.52
2986278375284,41323804,Pat Jones,pat.jones107@test.com,Mountain View,9388.25
7666165467829,5981159282,Taylor Martinez,taylor.martinez54@example.com,Sunnyvale,9439.99
0396948543487,4270981484,Jordan Rodriguez,jordan.rodriguez802@mail.com,Palo Alto,1684.04
8991610332229,0000306290,Chris Martinez,chris.martinez642@example.com,Palo Alto,8582.7
8904949236518,9279085557,Jane Johnson,jane.johnson688@example.com,Santa Clara,8493.17
8736702639188,7239565076,Alex Jones,alex.jones612@test.com,Cupertino,6243.65
4554991340359,0970457120,Alex Brown,alex.brown274@mail.com,Mountain View,6636.56
464464906325,3972259465,Morgan Jones,morgan.jones782@example.com,Cupertino,9658.67
2897238798291,8131652630,Jane Jones,jane.jones468@test.com,Palo Alto,9780.92
5141766401847,1522066843,Morgan Rodriguez,morgan.rodriguez188@example.com,Santa Clara,5648.84
9224918494643,803597957,Chris Miller,chris.miller948@mail.com,Palo Alto,6705.02
9126067041688,3930428675,Casey Garcia,casey.garcia689@example.com,Sunnyvale,7871.35
6469589454812,2774892443,Riley Johnson,riley.johnson791@example.com,Santa Clara,6764.46
0777975855207,9852871346,Riley Garcia,riley.garcia92@mail.com,San Jose,9515.72
0930262850070,7946620705,Jane Williams,jane.williams782@mail.com,Fremont,2106.08
423036091572,2607109997,Jane Miller,jane.miller262@test.com,Fremont,7726.07
5656503841936,9063392000,Riley Davis,riley.davis304@test.com,Cupertino,8428.92
1258876109115,9548156995,Jane Davis,jane.davis374@test.com,Santa Clara,3504.92
996772032728,7246825531,Casey Johnson,casey.johnson147@example.com,Cupertino,5247.66
2380306603819,6292037977,Pat Rodriguez,pat.rodriguez478@example.com,Fremont,4431.15
1884843118750,5297437791,Jane Brown,jane.brown508@example.com,Milpitas,9307.65
1328189332722,6656661567,Riley Jones,riley.jones553@example.com,Mountain View,4935.43
1329759098566,2786568431,Morgan Martinez,morgan.martinez409@mail.com,Cupertino,4750.69
1846257693073,9214546698,Pat Davis,pat.davis627@mail.com,Santa Clara,2072.54
1395817562493,2515061573,Chris Johnson,chris.johnson352@example.com,Fremont,6968.63
0015952793983,7359022873,Jane Brown,jane.brown760@example.com,Mountain View,1584.95
1755798409367,0793853911,Pat Garcia,pat.garcia913@test.com,Fremont,2292.82
2590358471868,9626347118,Alex Jones,alex.jones834@test.com,Mountain View,4640.67
9177622169815,3729394492,Alex Martinez,alex.martinez678@mail.com,Cupertino,5653.72
6977024287364,6521087500,Jane Johnson,jane.johnson390@test.com,San Jose,5021.43
0294609862191,6664059570,Morgan Brown,morgan.brown607@test.com,Milpitas,4740.44
7206514303593,8011067665,Casey Rodriguez,casey.rodriguez152@example.com,Palo Alto,3268.47
0073759347083,3743410777,Riley Miller,riley.miller998@example.com,Palo Alto,6497.71
6676738767636,9989365419,Jane Garcia,jane.garcia534@test.com,San Jose,9670.04
3076189866129,5909050683,John Rodriguez,john.rodriguez858@example.com,San Jose,3450.74
021771373090,0300911987,Taylor Rodriguez,taylor.rodriguez845@example.com,Santa Clara,1760.53
4781159961268,2058469755,Riley Williams,riley.williams397@example.com,San Jose,7840.21
1622667395945,8413938134,Jane Rodriguez,jane.rodriguez49@mail.com,Cupertino,3753.32
548909281514,3100515848,Morgan Williams,morgan.williams681@mail.com,Palo Alto,3190.03
6602474801107,9210714902,Taylor Smith,taylor.smith275@mail.com,Santa Clara,945.26
8813916386246,8764901969,Riley Davis,riley.davis258@example.com,Fremont,4405.22
5872608652808,0736695970,John Johnson,john.johnson406@test.com,Santa Clara,5666.03
9630933850110,7432081862,Riley Williams,riley.williams528@mail.com,Sunnyvale,2637.37
3689021132304,72557461,Pat Johnson,pat.johnson639@mail.com,Fremont,9051.92
662951359869,6077913387,Alex Jones,alex.jones545@test.com,Santa Clara,7880.14
1547470329394,7458383015,Riley Miller,riley.miller614@mail.com,Mountain View,6021.93
7845358600162,5249224649,Chris Brown,chris.brown562@mail.com,Cupertino,9858.3
9802660871519,6181251779,Jane Williams,jane.williams139@test.com,San Jose,8023.12
4461681013881,4819501243,Alex Miller,alex.miller8@mail.com,Santa Clara,544.96
2491692263862,2597077797,Taylor Davis,taylor.davis847@test.com,Sunnyvale,8309.74
357062157394,5181774811,Pat Smith,pat.smith333@example.com,Milpitas,7648.53
3054019912628,9669967758,Jordan Davis,jordan.davis79@example.com,San Jose,569.9
5324265892379,1122702010,John Jones,john.jones813@example.com,San Jose,5986.16
9456026910988,8530500411,Jordan Davis,jordan.davis320@mail.com,Palo Alto,6922.31
4331091022908,3313243642,Casey Rodriguez,casey.rodriguez678@test.com,Palo Alto,9222.16
4967807846372,534950786,Taylor Johnson,taylor.johnson212@mail.com,Cupertino,344.04
7970032098631,381701791,Taylor Miller,taylor.miller393@test.com,Sunnyvale,7238.42
1642473548777,2337115854,Chris Martinez,chris.martinez152@test.com,Milpitas,2776.48
3318558155939,761672993,Casey Johnson,casey.johnson975@mail.com,Palo Alto,4067.01
501261282256,3126231884,Morgan Miller,morgan.miller783@test.com,San Jose,2442.87
0021208084430,1026110387,Riley Smith,riley.smith227@mail.com,Mountain View,1360.79
4954837220387,8094885516,Taylor Martinez,taylor.martinez878@test.com,Fremont,4405.59
389461695097,5953448265,Pat Garcia,pat.garcia390@example.com,Mountain View,6528.66
2325289568014,3671207681,Jordan Martinez,jordan.martinez946@test.com,Fremont,8270.07
1468605676152,2208966348,Morgan Davis,morgan.davis132@mail.com,Mountain View,2354.97
440417025045,4898820236,Jordan Williams,jordan.williams630@test.com,Mountain View,5996.94
1743728366471,7907907789,Alex Williams,alex.williams259@test.com,Palo Alto,5518.64
323831357567,76182821,John Rodriguez,john.rodriguez259@example.com,Sunnyvale,6108.21
8097323185879,6990058420,Jordan Garcia,jordan.garcia235@test.com,Fremont,1949.57
2251592743755,5628446505,Taylor Miller,taylor.miller382@mail.com,Cupertino,1940.69
0091487876006,7754017034,Casey Rodriguez,casey.rodriguez931@mail.com,Sunnyvale,4096.84
0630142723327,1275101944,Chris Garcia,chris.garcia410@mail.com,Santa Clara,7647.05
43083380581,9502417777,Pat Martinez,pat.martinez411@mail.com,San Jose,6623.56
4884761772815,1238351164,Chris Rodriguez,chris.rodriguez828@mail.com,Cupertino,512.98
121328918428,2236540473,Jordan Smith,jordan.smith633@test.com,Sunnyvale,4842.29
9935199220348,2133768853,Morgan Jones,morgan.jones332@example.com,Fremont,2970.89
8348901801236,5273813966,Morgan Jones,morgan.jones954@example.com,Santa Clara,6345.63
6667066268128,4433438981,John Brown,john.brown818@example.com,Fremont,6391.82
2674740789932,8707095246,Taylor Garcia,taylor.garcia294@example.com,Sunnyvale,5286.39
2711534250595,9114618001,Morgan Davis,morgan.davis898@example.com,Cupertino,5513.41
8754975702540,1224348954,Chris Brown,chris.brown38@mail.com,Mountain View,897.66
01992383553,0000404696,Alex Johnson,alex.johnson566@test.com,Santa Clara,532.92
2079923823129,1063305459,Riley Davis,riley.davis495@test.com,Milpitas,4403.91
7482563746771,3057909816,Jordan Miller,jordan.miller238@example.com,Sunnyvale,1705.77
2348897131632,3887423269,Taylor Rodriguez,taylor.rodriguez478@mail.com,Milpitas,6733.74
8987782246545,0860094688,Morgan Smith,morgan.smith120@mail.com,Mountain View,6298.17
4672265251299,2052777128,Taylor Garcia,taylor.garcia135@example.com,Milpitas,8612.81
8689424368800,9365006097,Jordan Brown,jordan.brown926@mail.com,Palo Alto,9544.67
1950870191361,3400161782,Pat Miller,pat.miller810@example.com,San Jose,2660.95
6693858811823,5956295237,Jordan Jones,jordan.jones46@mail.com,Milpitas,4094.52
679796082709,1409715700,John Garcia,john.garcia812@mail.com,Palo Alto,7816.11
0841101764712,538083813,Riley Martinez,riley.martinez448@example.com,Palo Alto,7284.08
8718018964388,043848654,Taylor Garcia,taylor.garcia140@test.com,San Jose,2699.48
7259538709195,8908057389,Alex Garcia,alex.garcia492@test.com,Milpitas,3903.74
2754238251385,3073830720,Chris Garcia,chris.garcia743@mail.com,Palo Alto,6565.17
2156459366955,5987239451,Jordan Garcia,jordan.garcia931@example.com,Cupertino,5029.98
9737267015909,2139839777,Chris Jones,chris.jones499@example.com,Mountain View,4445.0
135930633900,5118129987,John Martinez,john.martinez282@test.com,Palo Alto,6695.2
4602040071172,982346721,Morgan Garcia,morgan.garcia760@mail.com,Cupertino,2958.48
6979251992941,8823507932,Casey Rodriguez,casey.rodriguez687@example.com,Santa Clara,4000.71
2708639357775,4489969833,Morgan Miller,morgan.miller169@mail.com,Palo Alto,7890.21
7405350304378,2623347988,Chris Rodriguez,chris.rodriguez119@test.com,Sunnyvale,3786.82
5121396906090,9733312057,Jordan Davis,jordan.davis903@example.com,Sunnyvale,5728.37
6252181066574,6110369845,Riley Martinez,riley.martinez123@test.com,Cupertino,1413.89
2894056742329,2693675481,John Davis,john.davis881@mail.com,San Jose,7899.41
6189353609962,678217048,Alex Williams,alex.williams93@mail.com,Santa Clara,7112.16
926189266939,3390625869,Jane Williams,jane.williams739@mail.com,Santa Clara,4339.32
8433161373542,3548980501,Jane Rodriguez,jane.rodriguez17@example.com,Cupertino,5640.93
1895854986282,6120877000,Jane Davis,jane.davis596@example.com,Fremont,2057.71
6378560016904,5973891105,Casey Jones,casey.jones939@test.com,Mountain View,1205.59
9228334395398,6472201158,Casey Johnson,casey.johnson241@example.com,Santa Clara,7396.73
4855317641699,7512070421,Taylor Williams,taylor.williams124@mail.com,Cupertino,4255.96
408675283685,7803540794,Pat Rodriguez,pat.rodriguez582@mail.com,Cupertino,2055.01
2461389430367,3522307883,John Johnson,john.johnson520@mail.com,Santa Clara,5130.2
1028847253750,3691793515,Riley Jones,riley.jones98@mail.com,Sunnyvale,8734.03
4800861082307,6644427830,Riley Miller,riley.miller59@test.com,Cupertino,4256.78
6062810600396,3034394099,Jordan Smith,jordan.smith571@example.com,Milpitas,8649.82
6599713053740,9107188811,Chris Williams,chris.williams471@test.com,Sunnyvale,7596.5
9520179667447,6147426566,Jane Smith,jane.smith18@test.com,Fremont,5399.51
9451884200281,0709169206,John Brown,john.brown152@mail.com,San Jose,7606.01
8007231577494,0374470434,Morgan Johnson,morgan.johnson835@example.com,Milpitas,7123.08
2544951772647,238436089,Casey Garcia,casey.garcia46@test.com,Fremont,9162.8
3003764371118,0383243680,Pat Martinez,pat.martinez746@test.com,Sunnyvale,760.12
6970109711560,4108918422,Chris Garcia,chris.garcia76@test.com,Fremont,2726.65
8779165594479,5810714951,Chris Miller,chris.miller422@example.com,Milpitas,461.04
7085727628691,4079309747,Taylor Miller,taylor.miller220@mail.com,Milpitas,7208.38
2073796894835,6461272034,Alex Garcia,alex.garcia524@test.com,San Jose,335.73
1285779020624,6920754152,Chris Jones,chris.jones655@example.com,Cupertino,8261.66
8550493999048,5167646001,Casey Smith,casey.smith716@test.com,Mountain View,7546.95
6577317299516,2283072124,Chris Smith,chris.smith528@example.com,Fremont,6428.34
9633392194989,4913376642,Morgan Smith,morgan.smith982@example.com,Santa Clara,4984.28
4112404849763,2102045947,John Johnson,john.johnson418@example.com,Milpitas,1891.56
9559444015850,1966052619,Jordan Williams,jordan.williams550@example.com,Santa Clara,2734.14
5717578920659,9002491070,Alex Brown,alex.brown653@example.com,Milpitas,4639.78
8716898331508,7386595377,Taylor Davis,taylor.davis313@mail.com,Milpitas,2305.18
8563948765131,1303881545,Casey Brown,casey.brown406@example.com,Palo Alto,1610.87
6528306568626,8731609545,Jane Williams,jane.williams118@mail.com,Mountain View,3639.09
4266583010112,3221369215,Riley Johnson,riley.johnson219@example.com,Santa Clara,2503.06
3640056783190,5441943077,Jordan Martinez,jordan.martinez916@test.com,Sunnyvale,3849.93
3852440355768,6146029638,Chris Rodriguez,chris.rodriguez239@example.com,Santa Clara,8187.44
3990980222244,6752035444,Taylor Martinez,taylor.martinez736@example.com,Sunnyvale,8820.02
14520134237,4904138298,Pat Garcia,pat.garcia561@example.com,Santa Clara,2946.76
0892530518983,6343075514,Pat Rodriguez,pat.rodriguez856@mail.com,Sunnyvale,5932.11
883927852579,9483476578,Casey Johnson,casey.johnson258@example.com,Cupertino,9223.63
5661887749508,0023220136,Jordan Davis,jordan.davis25@test.com,Santa Clara,3586.02
643475161876,1744479148,Chris Johnson,chris.johnson415@example.com,Santa Clara,6623.49
7039852342652,1125685317,Morgan Smith,morgan.smith81@example.com,Santa Clara,4721.97
7946831955968,1776077328,Taylor Jones,taylor.jones39@mail.com,Mountain View,1315.86
7220915452584,7578001914,Morgan Garcia,morgan.garcia724@example.com,Milpitas,8427.61
7292838551644,3003811193,Jordan Garcia,jordan.garcia166@example.com,Sunnyvale,8124.8
2735503833212,3593160121,Casey Davis,casey.davis678@mail.com,Palo Alto,2349.96
1278114654400,5136879743,Taylor Martinez,taylor.martinez347@test.com,Cupertino,5643.94
5474454084239,8698872646,Jordan Brown,jordan.brown257@mail.com,Palo Alto,8494.66
0555452812318,4482600743,Chris Smith,chris.smith518@test.com,Mountain View,2822.88
1207278152576,0339922405,Riley Johnson,riley.johnson37@mail.com,Fremont,263.83
9125100704974,5681199856,Casey Johnson,casey.johnson794@test.com,Santa Clara,4800.69
440194063889,3101045249,Pat Miller,pat.miller111@test.com,Cupertino,2711.08
2478634849739,3332236911,Taylor Brown,taylor.brown681@example.com,Palo Alto,4828.99
5101841216952,3800886424,Taylor Jones,taylor.jones472@mail.com,Cupertino,5894.48
8968435649856,8171829307,Morgan Rodriguez,morgan.rodriguez756@example.com,Cupertino,7565.03
6346867057739,9348664690,Chris Rodriguez,chris.rodriguez996@test.com,Palo Alto,1780.89
3523151524419,8705071206,Chris Martinez,chris.martinez443@mail.com,Fremont,5165.39
4486537996744,9176900654,Taylor Brown,taylor.brown426@example.com,San Jose,4377.61
2490456319508,0571561895,Chris Williams,chris.williams761@mail.com,Cupertino,4715.83
6040961628426,7795996746,Jane Garcia,jane.garcia841@test.com,Milpitas,9640.65
5249903415092,4305198568,Alex Rodriguez,alex.rodriguez582@example.com,Palo Alto,6854.6
3300632432131,5595263302,Alex Martinez,alex.martinez65@example.com,Milpitas,4650.52
9198494662095,6595136756,Riley Miller,riley.miller615@example.com,Palo Alto,3643.56
019771890175,60816477,Jane Martinez,jane.martinez712@mail.com,Santa Clara,3674.66
3600156646748,9284113767,Riley Johnson,riley.johnson436@test.com,Milpitas,7543.46
6505093188176,8278520692,Pat Jones,pat.jones245@mail.com,Sunnyvale,127.16
3636441575854,5090781089,John Jones,john.jones349@test.com,Fremont,6215.34
6481709163344,2220775689,Riley Brown,riley.brown442@test.com,Fremont,6326.7
2553973082780,0515800403,Riley Brown,riley.brown156@test.com,Sunnyvale,1222.12
6072667879594,0679254840,Taylor Williams,taylor.williams57@mail.com,Sunnyvale,9854.14
4182343492983,4823879823,Riley Brown,riley.brown59@example.com,San Jose,1445.3
2694779672602,3394571049,John Davis,john.davis309@example.com,Palo Alto,1782.43
1906933209249,0610207240,Chris Garcia,chris.garcia294@test.com,Mountain View,2185.14
1283616927893,4909423135,Alex Smith,alex.smith603@test.com,Sunnyvale,3994.06
5693582561265,5802401150,Taylor Johnson,taylor.johnson953@mail.com,Palo Alto,3121.38
0806297642847,9798122066,Chris Davis,chris.davis662@example.com,Cupertino,954.57
2096397984348,825752710,Chris Jones,chris.jones336@test.com,Sunnyvale,9914.25
861218393879,8925439859,Morgan Rodriguez,morgan.rodriguez965@test.com,Mountain View,3489.13
6734341694068,3436234082,Pat Brown,pat.brown529@test.com,Sunnyvale,1491.26
6839770460781,8758038451,Casey Brown,casey.brown909@example.com,Palo Alto,5410.1
886238336066,2775615447,Pat Williams,pat.williams570@example.com,Cupertino,7211.74
5125388956791,2532710717,John Miller,john.miller308@mail.com,Fremont,9689.44
6720668016494,7803944081,John Davis,john.davis644@test.com,Palo Alto,5874.27
7306175265346,0984832093,John Johnson,john.johnson860@mail.com,Cupertino,2546.59
0253307312294,2320835918,Riley Martinez,riley.martinez822@example.com,Cupertino,1920.09
1148168146504,2612470819,Morgan Brown,morgan.brown211@example.com,Fremont,9795.26
0675987018154,132545483,John Miller,john.miller930@mail.com,Palo Alto,6881.32
2417582108664,0965327768,Pat Miller,pat.miller798@test.com,Milpitas,2347.8
16914907256,0566357452,Morgan Johnson,morgan.johnson168@test.com,Milpitas,5161.43
0033270390621,0172173119,Riley Rodriguez,riley.rodriguez466@test.com,Palo Alto,2132.39
4582424022945,4631221530,Riley Davis,riley.davis287@example.com,Fremont,8310.74
0918610376669,2583819761,John Smith,john.smith599@example.com,Mountain View,1391.38
666775699210,030814368,Jordan Miller,jordan.miller370@mail.com,Santa Clara,9619.31
2093065338100,7076893451,Jane Garcia,jane.garcia534@test.com,Santa Clara,1628.9
3845324533101,5289419153,Alex Brown,alex.brown567@test.com,Santa Clara,6013.14
4071925590328,8110606133,Jordan Davis,jordan.davis632@example.com,Fremont,8129.66
1367984336942,4585595832,Chris Davis,chris.davis79@example.com,Palo Alto,7665.81
5084711882584,7095055451,Pat Davis,pat.davis648@mail.com,Santa Clara,4794.68
9704645508676,94799706,Alex Martinez,alex.martinez614@mail.com,Santa Clara,7186.37
2631261055385,1667069108,Jordan Smith,jordan.smith394@example.com,Cupertino,8311.86
321470703750,1245691756,Jordan Brown,jordan.brown321@test.com,Fremont,2689.28
9952089729031,2078638229,Alex Miller,alex.miller600@example.com,Santa Clara,1308.22
9992473243337,1249076176,Chris Jones,chris.jones234@test.com,Fremont,3558.61
5205574345404,6998181722,Morgan Johnson,morgan.johnson842@example.com,Palo Alto,2893.03
9360560060883,6381259271,Pat Garcia,pat.garcia564@test.com,San Jose,9793.7
3436118293969,8625991230,Chris Martinez,chris.martinez165@test.com,Palo Alto,7716.09
9834578186259,839173203,Alex Garcia,alex.garcia424@example.com,Palo Alto,9223.6
0316792723805,7410179709,Morgan Brown,morgan.brown736@example.com,Palo Alto,1295.57
2829205733697,155243045,Morgan Williams,morgan.williams375@mail.com,San Jose,5948.19
5938268108772,7594818672,Casey Smith,casey.smith223@test.com,Milpitas,5712.69
813219815638,5873887895,Taylor Johnson,taylor.johnson151@example.com,San Jose,3163.29
8463627165439,0402805319,Jordan Davis,jordan.davis608@example.com,Santa Clara,1355.19
1733100846185,2387751842,Riley Davis,riley.davis860@mail.com,Mountain View,4027.61
433549945072,690725474,Riley Williams,riley.williams429@test.com,Santa Clara,2351.15
4950349679565,6883548305,Riley Johnson,riley.johnson571@example.com,Sunnyvale,6064.43
1614956380822,1321136512,Casey Johnson,casey.johnson303@mail.com,Fremont,6053.78
6299912372273,3972161164,Taylor Davis,taylor.davis531@test.com,San Jose,300.66
2314957471063,8132488033,Taylor Brown,taylor.brown973@test.com,Milpitas,3969.24
3469587818834,9383575944,Pat Jones,pat.jones650@mail.com,Cupertino,5351.01
7356647003511,9195841585,Jane Smith,jane.smith360@mail.com,Fremont,2043.79
5823165661775,4030681567,Alex Rodriguez,alex.rodriguez715@example.com,San Jose,757.55
60746739770,7230062477,John Martinez,john.martinez877@test.com,San Jose,3153.27
6645724157620,4009015596,Casey Garcia,casey.garcia99@example.com,Santa Clara,4687.55
9351674386360,2853592142,Jordan Brown,jordan.brown875@example.com,Milpitas,917.12
789715477844,4141645048,Chris Martinez,chris.martinez524@test.com,Palo Alto,290.97
3413701146335,6347841749,Jordan Garcia,jordan.garcia289@test.com,Santa Clara,790.11
3679433591790,5617659856,Pat Davis,pat.davis294@test.com,Sunnyvale,4620.48
5811716197826,9633639037,Taylor Davis,taylor.davis111@test.com,Sunnyvale,2809.85
8415772159734,7289911773,Alex Martinez,alex.martinez461@test.com,San Jose,3023.36
339535290064,4320556221,Riley Smith,riley.smith427@test.com,Sunnyvale,9308.55
6407884960427,5595048424,Jordan Johnson,jordan.johnson995@example.com,Fremont,8275.18
4784666334678,368704710,Jane Jones,jane.jones110@test.com,Santa Clara,7645.59
3945424690826,9738479210,Alex Johnson,alex.johnson365@mail.com,Cupertino,5831.14
2393034629254,4510451941,Taylor Garcia,taylor.garcia495@mail.com,Cupertino,3702.55
4980178456958,6644316930,Alex Davis,alex.davis180@mail.com,San Jose,3220.19
9255467491132,7849002390,Casey Rodriguez,casey.rodriguez949@mail.com,Santa Clara,2401.18
468139727288,1392876734,Jane Miller,jane.miller975@test.com,Mountain View,7397.76
3681516447851,0826556585,Morgan Johnson,morgan.johnson1@test.com,Fremont,7437.16
6188135029465,455108208,Taylor Brown,taylor.brown577@mail.com,Fremont,3378.21
2406968718923,0613505855,Casey Martinez,casey.martinez572@test.com,Fremont,4723.36
7666604683313,9170906439,John Rodriguez,john.rodriguez919@test.com,Palo Alto,304.79
2895113946458,6346199636,Casey Smith,casey.smith853@example.com,Cupertino,8428.85
8637457160192,7222893609,Casey Johnson,casey.johnson582@mail.com,Mountain View,9145.26
6638579905976,8363481504,Taylor Brown,taylor.brown804@example.com,Cupertino,2376.56
476670504031,1450056694,Casey Brown,casey.brown951@mail.com,Santa Clara,9381.01
8188804473441,6813361807,Taylor Johnson,taylor.johnson16@mail.com,Mountain View,8629.7
6539260728423,1262417961,Casey Smith,casey.smith113@example.com,Milpitas,2933.72
5251193074476,5541095259,Casey Davis,casey.davis267@mail.com,Cupertino,3110.95
8898373635397,9286966882,Jordan Miller,jordan.miller924@test.com,Milpitas,2606.98
3281656083292,3024840263,Chris Garcia,chris.garcia56@test.com,San Jose,829.75
9551771157927,5456047245,Chris Davis,chris.davis374@example.com,Milpitas,5736.14
97585285927,3369163127,Taylor Garcia,taylor.garcia906@example.com,Milpitas,3950.97
0949275788681,5749923742,Alex Davis,alex.davis770@mail.com,Santa Clara,8875.36
6034275481174,4618833137,Alex Williams,alex.williams264@mail.com,Santa Clara,8951.43
0839504201187,7366420715,Pat Garcia,pat.garcia986@example.com,Cupertino,4964.96
7030769769961,2239581266,Chris Davis,chris.davis57@test.com,Santa Clara,6599.51
9388078076472,3977051908,Jane Williams,jane.williams120@mail.com,Fremont,3685.97
3546838069142,5767824926,Jordan Rodriguez,jordan.rodriguez498@example.com,Sunnyvale,5236.85
1285287599109,9281352720,Jane Rodriguez,jane.rodriguez29@example.com,San Jose,7070.68
9940955481714,2574118441,John Rodriguez,john.rodriguez477@mail.com,Santa Clara,2451.65
7024148226287,2283516640,Jane Miller,jane.miller460@mail.com,Palo Alto,2710.73
0225827493032,5361005021,Morgan Rodriguez,morgan.rodriguez19@test.com,Fremont,8948.98
9450047373113,7388628665,Taylor Brown,taylor.brown624@example.com,Sunnyvale,4392.4
5535923663529,5781307723,Chris Martinez,chris.martinez390@example.com,Sunnyvale,1219.57
8008454843673,6548413315,Jordan Martinez,jordan.martinez439@mail.com,Santa Clara,2120.04
8256433243472,5685458173,Casey Williams,casey.williams206@example.com,Sunnyvale,7555.98
9639624312096,0381491299,Jordan Martinez,jordan.martinez473@mail.com,Mountain View,821.13
6983263202663,3034023147,John Davis,john.davis395@test.com,Milpitas,5018.27
8841415435882,2313243414,Chris Rodriguez,chris.rodriguez103@test.com,Milpitas,1820.12
092613677493,8574734603,Alex Garcia,alex.garcia613@example.com,Mountain View,6487.15
2622720519994,5172606356,Taylor Garcia,taylor.garcia882@test.com,Sunnyvale,2604.48
2575238478940,9572517457,Pat Johnson,pat.johnson132@mail.com,Fremont,6429.32
2370715928993,5593878684,Morgan Rodriguez,morgan.rodriguez859@test.com,Cupertino,6763.52
1559895734887,1629524086,Taylor Rodriguez,taylor.rodriguez750@example.com,Fremont,1749.73
8355731959552,838236504,Alex Rodriguez,alex.rodriguez410@test.com,Mountain View,7618.33
4097350294651,4877857126,Alex Smith,alex.smith947@example.com,Palo Alto,8569.8
3528098049579,1828245049,Morgan Garcia,morgan.garcia448@test.com,Cupertino,4504.93
8341559839748,541786998,Taylor Brown,taylor.brown806@example.com,Fremont,2595.4
402426555718,9603335423,John Jones,john.jones243@example.com,Sunnyvale,6050.34
2422572570377,5164568902,Taylor Garcia,taylor.garcia281@example.com,Mountain View,9413.06
6912601395248,0528881596,Jordan Brown,jordan.brown988@mail.com,Cupertino,1334.56
6226964802848,8013138307,Taylor Johnson,taylor.johnson364@test.com,Fremont,9764.62
9383428327510,3844041188,Pat Garcia,pat.garcia824@example.com,San Jose,9012.7
7697561781442,5455206132,Morgan Brown,morgan.brown166@mail.com,Mountain View,5988.92
1207860824265,6388099482,Pat Martinez,pat.martinez279@mail.com,Mountain View,6184.21
9976351070232,3888764508,Riley Martinez,riley.martinez230@test.com,Milpitas,4619.9
1365994287841,7388824332,Taylor Garcia,taylor.garcia832@example.com,Sunnyvale,7564.13
6621218019388,0424700758,Jane Rodriguez,jane.rodriguez709@example.com,Cupertino,3023.57
6490107338674,6260878805,John Garcia,john.garcia573@test.com,Fremont,897.43
8805971338874,0303599632,Casey Johnson,casey.johnson86@example.com,Fremont,2585.32
1996681305953,6468240802,Chris Smith,chris.smith984@test.com,Fremont,5213.43
489804111477,1349150694,Riley Davis,riley.davis467@test.com,Cupertino,4302.24
704057884845,0933535831,Pat Johnson,pat.johnson708@example.com,Milpitas,4266.34
6100221105163,0901165124,John Williams,john.williams560@mail.com,Santa Clara,8278.3
9287544390782,6824643498,John Miller,john.miller676@test.com,Santa Clara,3233.87
324255003895,4419650539,Taylor Miller,taylor.miller564@example.com,Milpitas,9522.49
8289573079513,9198472419,Chris Brown,chris.brown577@example.com,Palo Alto,5392.12
8317199238871,0296889272,John Brown,john.brown675@test.com,Milpitas,549.22
5117780116762,0242907761,Alex Martinez,alex.martinez733@mail.com,San Jose,9198.86
2999249576206,8328830196,Alex Jones,alex.jones738@test.com,Fremont,8668.07
6595518991130,1371461327,Morgan Davis,morgan.davis804@mail.com,Milpitas,1100.88
959510948024,5618101507,Morgan Smith,morgan.smith964@example.com,Milpitas,7301.13
9243125461899,0876127677,Pat Johnson,pat.johnson283@example.com,Fremont,9232.3
667459800032,1429301564,Jane Smith,jane.smith217@example.com,Mountain View,3799.14
1854337869676,7765368628,Pat Miller,pat.miller423@mail.com,Fremont,1557.02
2611481043621,8982909089,Pat Johnson,pat.johnson305@example.com,San Jose,6694.76
6469875479504,7022346496,Jane Martinez,jane.martinez423@mail.com,Palo Alto,7691.74
7333890926998,2071543938,Pat Johnson,pat.johnson585@test.com,Santa Clara,1037.4
4921681754790,5791663625,Riley Smith,riley.smith777@example.com,Palo Alto,9368.09
3622737314835,1353543584,Morgan Brown,morgan.brown131@mail.com,Cupertino,1233.23
6590950760003,2200037408,Riley Davis,riley.davis242@example.com,Mountain View,4567.23
2847132057431,073916667,Jane Rodriguez,jane.rodriguez612@test.com,Milpitas,2738.09
9064215479635,8613175230,Morgan Williams,morgan.williams158@example.com,Fremont,6402.85
0091776384727,58595192,John Smith,john.smith153@example.com,Santa Clara,6712.72
1362560846285,71239402,Morgan Jones,morgan.jones821@mail.com,Mountain View,9267.87
4146797716305,4955244087,Pat Rodriguez,pat.rodriguez68@test.com,San Jose,3688.74
1478466728727,8442492942,Casey Rodriguez,casey.rodriguez396@example.com,Mountain View,6939.46
7713258083177,8922602014,Jordan Martinez,jordan.martinez592@test.com,Mountain View,2480.29
8975777633337,8719024847,Pat Jones,pat.jones830@example.com,Sunnyvale,6726.73
4389649018776,158844506,Morgan Miller,morgan.miller195@test.com,Mountain View,2531.0
641710403936,3128645057,Riley Brown,riley.brown556@test.com,Mountain View,4568.52
2017443376182,6676905289,Pat Davis,pat.davis674@mail.com,Sunnyvale,1462.2
103338893555,5069984832,Alex Rodriguez,alex.rodriguez694@example.com,Palo Alto,8725.77
3268101163986,8408478286,Morgan Rodriguez,morgan.rodriguez390@mail.com,Milpitas,895.09
9653583597046,2625652525,Riley Brown,riley.brown308@example.com,Santa Clara,6785.25
5179087146124,2716158266,John Martinez,john.martinez269@example.com,Milpitas,6422.43
9054044115662,6912938685,Taylor Smith,taylor.smith709@test.com,Mountain View,153.83
5473375844110,1165029567,Casey Davis,casey.davis11@mail.com,Santa Clara,1112.07
1033756566589,1298475342,Casey Brown,casey.brown386@test.com,Cupertino,3338.16
1568755503589,9204764339,Pat Martinez,pat.martinez558@test.com,Mountain View,2922.31
9827285205137,9533474591,Chris Martinez,chris.martinez401@test.com,San Jose,6118.51
3363027046462,9037115237,Riley Garcia,riley.garcia553@example.com,Cupertino,8913.88
0237660108085,7156689020,Morgan Miller,morgan.miller17@mail.com,Milpitas,9632.84
3761353100827,8802371263,Taylor Johnson,taylor.johnson162@example.com,Palo Alto,6132.45
9424803447806,1598242366,Morgan Brown,morgan.brown846@example.com,Palo Alto,8940.41
89655947585,1581478882,Jane Jones,jane.jones792@mail.com,Palo Alto,1225.19
6753424690413,2726765148,Chris Rodriguez,chris.rodriguez376@example.com,Milpitas,8362.26
2414382753672,449668220,Jordan Garcia,jordan.garcia3@mail.com,Sunnyvale,1153.27
4607791436466,818743338,Taylor Davis,taylor.davis76@mail.com,Mountain View,3496.74
7279642829350,8853891140,Chris Williams,chris.williams369@test.com,Fremont,5857.47
0079841668768,5288030147,Pat Johnson,pat.johnson173@mail.com,Palo Alto,2468.75
6926041277311,475659686,Chris Martinez,chris.martinez423@test.com,Cupertino,6125.69
2981834935800,7008260905,Alex Garcia,alex.garcia929@test.com,Cupertino,2683.35
01981648978,6484908279,Chris Rodriguez,chris.rodriguez515@mail.com,Santa Clara,8398.5
6899803249825,6155454115,Pat Davis,pat.davis463@test.com,Mountain View,9488.0
4655256301827,1979662132,Taylor Smith,taylor.smith746@test.com,Milpitas,4268.71
9702170265897,9630117951,Casey Miller,casey.miller846@example.com,Milpitas,1604.06
2192096564451,2291004626,Taylor Miller,taylor.miller791@example.com,Santa Clara,5939.37
7251624700248,5499992166,John Johnson,john.johnson21@test.com,Sunnyvale,5940.12
2719464397515,4076831182,Morgan Miller,morgan.miller202@example.com,San Jose,700.2
31780603349,9526248723,Casey Miller,casey.miller643@mail.com,Milpitas,3109.54
039355648674,2901645622,Morgan Williams,morgan.williams155@test.com,San Jose,8675.04
1841107511448,065872478,Jordan Garcia,jordan.garcia37@test.com,Palo Alto,4410.94
183983937452,9401977650,Taylor Rodriguez,taylor.rodriguez253@mail.com,Santa Clara,6470.86
7871756996718,1781407212,Morgan Rodriguez,morgan.rodriguez56@example.com,Milpitas,8088.68
3942879573300,0327988168,Casey Johnson,casey.johnson973@test.com,Fremont,5587.1
5408706321514,8210161249,Morgan Miller,morgan.miller597@mail.com,San Jose,4573.83
4031236097468,8990552089,Taylor Martinez,taylor.martinez909@test.com,Sunnyvale,7900.15
2388546778603,5980624756,Jordan Jones,jordan.jones675@mail.com,Sunnyvale,9140.9
2528183342689,1107117573,Taylor Smith,taylor.smith43@example.com,Fremont,4945.16
2344789995160,4891118613,John Martinez,john.martinez952@test.com,Mountain View,9980.42
220746247672,8593303337,Chris Rodriguez,chris.rodriguez426@test.com,Sunnyvale,303.95
0603337305862,1381741553,Riley Martinez,riley.martinez147@mail.com,Mountain View,8375.49
6523605241028,6422935412,John Williams,john.williams667@mail.com,Mountain View,3748.89
1553955835515,9691317156,Riley Rodriguez,riley.rodriguez707@example.com,Santa Clara,9888.24
8459746473763,2188557392,Taylor Johnson,taylor.johnson267@test.com,Mountain View,639.35
4032678788457,3930843997,John Martinez,john.martinez884@test.com,San Jose,9867.5
7051071623850,0274194123,Chris Rodriguez,chris.rodriguez217@example.com,Mountain View,5696.42
3171190388863,3820165736,Jane Rodriguez,jane.rodriguez229@example.com,Cupertino,6455.5
2009483951982,30104,Pat Smith,pat.smith940@test.com,San Jose,6103.04
8809984383299,9452057500,Jordan Martinez,jordan.martinez402@example.com,San Jose,8787.1
724588013640,1275379716,Jane Martinez,jane.martinez145@test.com,Mountain View,2865.41
8149097287410,953105886,Alex Jones,alex.jones728@test.com,Sunnyvale,5992.72
8821675847564,3229162276,Pat Brown,pat.brown449@example.com,Milpitas,824.3
8120894787020,607515154,Jordan Johnson,jordan.johnson987@example.com,Milpitas,6729.43
8762644444490,9413026090,Morgan Garcia,morgan.garcia202@mail.com,Cupertino,7644.05
8603722611338,0019316479,John Williams,john.williams548@example.com,Fremont,7880.9
6032686896504,7850787757,Taylor Davis,taylor.davis453@test.com,Cupertino,4586.51
7713554945130,0961678585,Morgan Brown,morgan.brown560@mail.com,San Jose,8699.12
8454938745057,8726110891,Casey Williams,casey.williams437@test.com,Cupertino,1375.82
8463983373746,5400594781,Pat Brown,pat.brown656@example.com,Fremont,6493.37
8658009889911,8066331618,Jane Miller,jane.miller254@example.com,Mountain View,6338.74
7298662770910,5033589020,Chris Jones,chris.jones867@test.com,Sunnyvale,9545.11
6610596326790,6056256615,Pat Smith,pat.smith106@mail.com,Fremont,5741.75
5447578208755,914648458,Chris Johnson,chris.johnson605@test.com,Palo Alto,1510.34
4603129117833,4491331095,Morgan Miller,morgan.miller350@example.com,Fremont,4963.85
0910978365491,4572017780,Taylor Brown,taylor.brown688@example.com,Cupertino,407.35
2764631483836,7872298387,Morgan Miller,morgan.miller243@test.com,Mountain View,1984.97
0367852079039,3209840871,Jordan Smith,jordan.smith851@mail.com,Cupertino,6949.61
0577655284564,8244368268,Taylor Martinez,taylor.martinez730@mail.com,San Jose,2140.93
9202234942525,500211175,Chris Williams,chris.williams318@test.com,San Jose,2027.07
0600537725215,7274410427,Pat Miller,pat.miller580@mail.com,Fremont,7846.05
6349317127967,9057635556,Pat Martinez,pat.martinez22@test.com,Sunnyvale,4165.26
2696490084787,4295353129,Jordan Williams,jordan.williams966@mail.com,Fremont,4297.91
3623904937875,2883567197,Jordan Miller,jordan.miller463@example.com,Palo Alto,507.35
7944989057028,2164773741,Morgan Garcia,morgan.garcia283@test.com,Cupertino,6930.39
3534448883390,7761692889,Taylor Johnson,taylor.johnson821@test.com,Santa Clara,4771.3
6960253728518,5211665845,Morgan Williams,morgan.williams223@example.com,Sunnyvale,2778.41
6536702822651,2887247460,Pat Davis,pat.davis460@test.com,San Jose,2917.26
5127934899149,084480598,Morgan Brown,morgan.brown968@mail.com,San Jose,8463.6
9020822400518,233261597,Chris Johnson,chris.johnson118@test.com,Cupertino,5804.56
2223736097401,5598705592,Riley Williams,riley.williams877@test.com,Milpitas,1366.72
1101872524761,8838487314,Pat Davis,pat.davis97@example.com,Sunnyvale,1017.34
7777168702776,2305188702,Riley Davis,riley.davis926@mail.com,Cupertino,670.04
1703401839812,7622095913,Chris Smith,chris.smith270@mail.com,Santa Clara,2307.93
6810933828742,5210615158,Pat Johnson,pat.johnson44@mail.com,Palo Alto,5496.47
6119228285305,0822339569,Pat Miller,pat.miller455@example.com,Mountain View,3955.1
051268171476,464112777,Jane Johnson,jane.johnson967@test.com,Palo Alto,8366.11
9810209554542,9725040709,Taylor Martinez,taylor.martinez847@test.com,Milpitas,9263.99
4312287524930,420830470,Riley Johnson,riley.johnson441@example.com,Mountain View,5689.03
2453875254357,217136058,Casey Miller,casey.miller452@mail.com,Fremont,8872.9
1048763626576,2242323281,Pat Miller,pat.miller890@mail.com,Milpitas,446.1
6479904690583,4492205528,Alex Miller,alex.miller299@test.com,Palo Alto,6511.2
9521314580662,5814392424,Pat Jones,pat.jones5@example.com,San Jose,7457.08
6459263244754,2196693239,Jordan Martinez,jordan.martinez809@test.com,Palo Alto,5558.8
7785882779893,9841984789,Jane Brown,jane.brown141@example.com,Cupertino,3674.87
7920579810561,2009679821,John Johnson,john.johnson153@test.com,Sunnyvale,7912.85
657291819338,0721390528,John Davis,john.davis720@example.com,Milpitas,6875.01
8951815888658,3198340767,Alex Martinez,alex.martinez553@test.com,Sunnyvale,865.67
8199004482302,5506604159,Riley Smith,riley.smith960@test.com,Mountain View,5271.07
7869102580112,191342585,Jordan Smith,jordan.smith655@example.com,Fremont,5937.93
9619275922468,5443712924,Taylor Jones,taylor.jones682@example.com,Palo Alto,5850.79
821932506939,058577149,Alex Smith,alex.smith936@mail.com,Mountain View,4590.06
3101960930955,4183578698,John Williams,john.williams485@example.com,Cupertino,7131.92
8772781054906,892043202,Jordan Smith,jordan.smith547@mail.com,Cupertino,1937.63
0932767282385,3713259834,Taylor Johnson,taylor.johnson967@mail.com,San Jose,4904.72
4636769384847,7187854723,Jordan Garcia,jordan.garcia786@mail.com,Fremont,5122.71
3259363991043,7850683547,Riley Rodriguez,riley.rodriguez814@test.com,Santa Clara,2909.86
3334606810218,9130816313,Morgan Smith,morgan.smith623@test.com,Sunnyvale,6406.36
7613201834031,5020184922,Riley Davis,riley.davis451@mail.com,Santa Clara,4866.64
5035921750220,7621006627,Casey Smith,casey.smith928@test.com,Fremont,8807.81
6481194301889,3928203708,Morgan Brown,morgan.brown248@mail.com,Cupertino,2062.62
9342096294305,8128532420,Jordan Rodriguez,jordan.rodriguez656@test.com,Mountain View,9218.81
3118687562924,1637780755,Pat Davis,pat.davis821@example.com,Cupertino,7173.81
3778208670884,7838168706,Jane Johnson,jane.johnson22@mail.com,Mountain View,6855.0
584546898149,270846189,Casey Martinez,casey.martinez522@test.com,San Jose,988.54
3341390458640,3981815445,Chris Smith,chris.smith513@mail.com,Fremont,2090.09
8767959233573,8006951409,Casey Williams,casey.williams246@example.com,San Jose,4480.72
730558325954,6383003277,John Miller,john.miller720@test.com,Milpitas,8809.94
379401452074,8370579826,Taylor Martinez,taylor.martinez10@mail.com,Fremont,3170.54
7308864249912,9214236958,Casey Miller,casey.miller737@test.com,Cupertino,4464.12
2439691633667,3709575297,Riley Brown,riley.brown516@example.com,Palo Alto,7847.47
3266749892175,5736241607,Jane Martinez,jane.martinez755@mail.com,Cupertino,3642.71
9646547206830,6721700227,Jordan Williams,jordan.williams104@mail.com,Palo Alto,7746.45
6407366001307,3117184804,John Williams,john.williams186@mail.com,Palo Alto,9649.75
7323264194484,4551316782,Morgan Brown,morgan.brown767@mail.com,Milpitas,5993.8
8895177452901,0280905169,Jane Jones,jane.jones502@test.com,Fremont,2423.19
8523334060396,1529629953,Jordan Jones,jordan.jones864@example.com,Santa Clara,2091.49
8990731284762,1303080521,Chris Martinez,chris.martinez118@example.com,Cupertino,1904.62
7260333050883,4272058067,John Jones,john.jones192@test.com,Fremont,2680.52
7286009697262,0101515045,Morgan Miller,morgan.miller683@test.com,Fremont,7007.2
5043264196706,2559511253,Riley Williams,riley.williams213@example.com,Milpitas,3395.25
3902835631251,7282497070,Jane Jones,jane.jones899@mail.com,Santa Clara,3914.35
6200796470691,8207595406,John Jones,john.jones576@mail.com,Fremont,4652.76
5095479747584,4245481149,Morgan Williams,morgan.williams605@mail.com,Sunnyvale,1747.98
1896288527897,8301116642,Morgan Brown,morgan.brown561@mail.com,Fremont,9908.0
7073974251635,0721700459,Jane Martinez,jane.martinez33@example.com,Palo Alto,5922.57
9229868601180,5787760405,Casey Garcia,casey.garcia349@mail.com,Cupertino,5407.89
8410059141042,1606377858,Riley Jones,riley.jones758@example.com,San Jose,4064.71
5826876590152,5075577000,Taylor Williams,taylor.williams10@example.com,Milpitas,5186.61
1376917683172,4490617129,Pat Garcia,pat.garcia315@test.com,Santa Clara,2512.48
4215334306331,3197726462,Casey Johnson,casey.johnson814@mail.com,Sunnyvale,1699.01
4703312683528,0401282929,Jane Miller,jane.miller338@test.com,Sunnyvale,4059.79
2633312524553,4559377100,Riley Rodriguez,riley.rodriguez158@mail.com,Palo Alto,2779.15
4862714001666,3916680259,Pat Smith,pat.smith301@example.com,Milpitas,9333.97
1956508064094,758710012,Casey Johnson,casey.johnson761@mail.com,Cupertino,8685.03
890185254940,9857973557,Jordan Brown,jordan.brown232@mail.com,Santa Clara,7929.82
0580370324388,6703411891,Morgan Brown,morgan.brown594@example.com,Palo Alto,3040.51
5691149140771,8477454532,Casey Jones,casey.jones343@test.com,Sunnyvale,6002.7
5788715431212,7307597006,John Davis,john.davis223@test.com,Milpitas,6361.68
0167725510531,5832256955,Taylor Miller,taylor.miller46@mail.com,Sunnyvale,9432.28
5935246533769,5133436033,Casey Martinez,casey.martinez678@mail.com,Cupertino,367.5
8731898154304,9999103871,Riley Brown,riley.brown922@test.com,Mountain View,1675.34
6686072494990,8322909833,Casey Garcia,casey.garcia840@mail.com,Mountain View,5522.3
279029817243,0893909236,Taylor Davis,taylor.davis377@test.com,Fremont,1985.56
3409704201262,7615250182,Chris Rodriguez,chris.rodriguez491@example.com,Sunnyvale,6285.15
4881797018344,1326229387,John Jones,john.jones425@example.com,San Jose,2845.38
4298228656880,7921958222,Morgan Rodriguez,morgan.rodriguez36@mail.com,Fremont,9322.06
2296181221630,784311144,Riley Martinez,riley.martinez109@mail.com,San Jose,2427.91
5422293799485,9020831194,Morgan Rodriguez,morgan.rodriguez835@mail.com,Fremont,6948.35
7800187168795,4813325458,Morgan Williams,morgan.williams569@mail.com,Palo Alto,5636.49
6276473087922,0754519936,Casey Garcia,casey.garcia405@test.com,Cupertino,6927.77
4222756739154,9000116118,Chris Smith,chris.smith598@example.com,Palo Alto,4236.62
4967035775573,7207381451,Jane Johnson,jane.johnson815@example.com,Mountain View,3858.99
2188908412126,9631869299,Casey Smith,casey.smith427@example.com,Palo Alto,5957.94
6892657525216,6562634735,Taylor Davis,taylor.davis93@example.com,Fremont,4462.08
2665061830045,9409854999,Chris Davis,chris.davis309@test.com,Palo Alto,3636.87
5494667494198,119569594,Jane Johnson,jane.johnson575@test.com,San Jose,6006.04
902171553194,2230086027,Pat Smith,pat.smith409@test.com,Milpitas,4097.83
8092528278648,6297371927,John Davis,john.davis265@mail.com,Milpitas,5783.58
5804613880319,9913590135,Riley Johnson,riley.johnson273@mail.com,Fremont,2516.22
9370608239178,6575273810,Jane Martinez,jane.martinez459@mail.com,Fremont,5122.31
7827318529495,9778990247,Alex Rodriguez,alex.rodriguez594@test.com,Sunnyvale,3850.96
3143902059292,1178289293,Morgan Martinez,morgan.martinez859@test.com,Mountain View,3682.13
7035267373185,0349816162,Alex Miller,alex.miller913@example.com,Milpitas,4073.1
7331558619917,3975989110,Alex Brown,alex.brown659@example.com,Palo Alto,572.21
8456440235024,7311356506,Alex Martinez,alex.martinez59@test.com,Cupertino,9152.08
7171207640766,7003814813,Alex Martinez,alex.martinez919@example.com,San Jose,2329.21
7619980138874,6187249089,Casey Miller,casey.miller849@mail.com,Mountain View,9625.82
9930324744744,4945922334,Alex Davis,alex.davis558@mail.com,San Jose,1940.78
3415239513711,8580731274,John Smith,john.smith152@mail.com,Palo Alto,3216.85
1691646501207,2981753621,Taylor Williams,taylor.williams638@example.com,Cupertino,6660.31
4870774449929,9227329218,Alex Jones,alex.jones107@test.com,San Jose,953.82
9139851993699,872060181,Jane Williams,jane.williams663@example.com,Mountain View,583.73
2308893674129,3556478460,Jordan Davis,jordan.davis835@test.com,San Jose,8697.2
7974559206777,2623301985,Riley Smith,riley.smith187@example.com,Cupertino,6242.15
6744650735091,2308566609,Riley Jones,riley.jones672@mail.com,Santa Clara,7993.64
334776833498,5816145196,Pat Martinez,pat.martinez576@test.com,San Jose,6273.07
5781346636570,6639292620,Casey Garcia,casey.garcia727@test.com,Milpitas,6718.2
688258264012,0901834408,Chris Smith,chris.smith398@test.com,Cupertino,6952.93
4902831245457,783905809,Riley Jones,riley.jones24@example.com,Cupertino,3244.56
0619892340495,5145369375,Pat Rodriguez,pat.rodriguez513@mail.com,Palo Alto,7157.54
1961808586964,5190031569,Alex Martinez,alex.martinez115@test.com,Mountain View,9619.59
5631240750078,6411367879,Taylor Martinez,taylor.martinez922@test.com,Santa Clara,1472.0
879114325958,3356887299,John Johnson,john.johnson900@example.com,San Jose,7984.09
5916588053896,4230575928,Jane Davis,jane.davis128@mail.com,Mountain View,3281.02
0567581305879,0930909060,Riley Garcia,riley.garcia631@mail.com,Mountain View,9422.04
8012935350710,07056444,John Brown,john.brown34@test.com,Milpitas,6828.13
2224262778230,4017707407,Casey Rodriguez,casey.rodriguez528@example.com,Sunnyvale,2882.27
6813615516122,3709662650,Casey Davis,casey.davis648@example.com,Palo Alto,5304.35
1706617707159,9483436356,Jane Garcia,jane.garcia863@mail.com,Cupertino,6740.94
6633496493032,7037886288,Chris Jones,chris.jones445@mail.com,Sunnyvale,8597.91
6957039485447,7509455180,Alex Martinez,alex.martinez634@example.com,Santa Clara,4235.79
2716544825555,3140918347,Casey Rodriguez,casey.rodriguez306@test.com,Cupertino,111.48
033396398007,1248101968,Jordan Jones,jordan.jones715@mail.com,Fremont,6824.76
675960477419,6689565004,Jordan Brown,jordan.brown568@test.com,Cupertino,9177.29
0992738283643,7280754304,Jordan Williams,jordan.williams389@example.com,Santa Clara,7819.04
7997079921975,9866656067,Pat Johnson,pat.johnson315@mail.com,Mountain View,5338.67
8816122244291,9727759545,John Smith,john.smith445@mail.com,Cupertino,8272.0
9745366212862,8619799828,Casey Jones,casey.jones656@test.com,Fremont,8011.11
7434782304180,208882376,Pat Brown,pat.brown868@example.com,Santa Clara,4376.15
3022386416892,9668894391,Alex Smith,alex.smith430@test.com,San Jose,7408.76
1929984314560,027190366,Jordan Davis,jordan.davis413@example.com,Palo Alto,7971.3
0144712948729,1512034684,Jordan Rodriguez,jordan.rodriguez192@example.com,Santa Clara,157.17
9775154889649,6067188829,Casey Jones,casey.jones452@test.com,Milpitas,120.27
131274061698,2701729640,Alex Brown,alex.brown807@test.com,Fremont,5313.71
8418021725855,9497019234,Casey Smith,casey.smith829@mail.com,Milpitas,5026.27
3300037620496,7988094099,Riley Smith,riley.smith209@example.com,Mountain View,340.27
262437421235,1028011115,Riley Johnson,riley.johnson442@test.com,Mountain View,1391.73
5795407263052,5909378609,John Davis,john.davis755@example.com,Sunnyvale,7764.54
9257490890807,1929666284,Casey Johnson,casey.johnson350@test.com,Milpitas,9565.56
5186222058735,4537033892,Casey Rodriguez,casey.rodriguez141@example.com,Mountain View,6943.0
7085522208755,2138825088,Morgan Miller,morgan.miller916@mail.com,Sunnyvale,6163.88
495532310550,3894797875,Jordan Williams,jordan.williams30@mail.com,Sunnyvale,6521.9
3942553970035,0099963011,Chris Smith,chris.smith242@test.com,Milpitas,7441.09
460838849835,4610616715,Riley Rodriguez,riley.rodriguez688@mail.com,Santa Clara,743.09
3676071218368,6556918731,Jordan Smith,jordan.smith831@test.com,Palo Alto,1999.0
1252003375217,8298264254,Jordan Miller,jordan.miller336@mail.com,San Jose,1456.51
2155881575013,7882631801,Pat Williams,pat.williams661@mail.com,Sunnyvale,9335.62
5095968333330,9862220884,Riley Johnson,riley.johnson871@example.com,San Jose,5998.15
6151113954928,2449176064,Jordan Brown,jordan.brown789@example.com,Santa Clara,4049.23
2057788003377,0323477304,Taylor Martinez,taylor.martinez343@example.com,San Jose,4241.91
6604020599632,4543556288,Taylor Davis,taylor.davis811@test.com,Santa Clara,6771.92
1182347600914,043158711,John Williams,john.williams2@example.com,San Jose,1468.62
1385804643805,0946134384,John Rodriguez,john.rodriguez231@example.com,Palo Alto,9035.04
4921323958641,4875401944,Chris Martinez,chris.martinez620@test.com,Cupertino,3444.43
1647865756641,0079676785,Alex Davis,alex.davis404@test.com,Santa Clara,2935.64
1794277005489,2320906853,Casey Miller,casey.miller37@mail.com,Fremont,7733.32
8487370512604,3623579517,Pat Martinez,pat.martinez582@test.com,Sunnyvale,3945.98
0477854259193,9485168288,Morgan Miller,morgan.miller563@mail.com,Fremont,7988.25
1226718836853,5034427201,Jordan Jones,jordan.jones155@mail.com,Palo Alto,3472.64
5849913697968,0069735895,Riley Garcia,riley.garcia630@mail.com,San Jose,1770.89
2178179747863,4057978499,Alex Williams,alex.williams201@mail.com,Milpitas,1365.25
4399844706217,1448352439,Jane Rodriguez,jane.rodriguez165@mail.com,San Jose,1940.81
5056353809217,8451027417,Jane Brown,jane.brown762@mail.com,Fremont,4768.51
0980594701368,4459205656,Chris Davis,chris.davis337@test.com,Fremont,6517.44
838985288942,0420583747,Casey Davis,casey.davis200@example.com,Palo Alto,6036.03
4949358194833,7019769067,Taylor Miller,taylor.miller432@mail.com,Palo Alto,5612.73
0561939463790,4255780730,Morgan Jones,morgan.jones600@example.com,Cupertino,5804.46
8680579472302,6023273188,Jordan Rodriguez,jordan.rodriguez494@test.com,Sunnyvale,4903.1
0972456006312,7916343864,Casey Williams,casey.williams255@test.com,San Jose,6942.98
9462294729877,8290033895,Jordan Jones,jordan.jones731@example.com,Milpitas,769.76
4116196282380,931894774,Riley Martinez,riley.martinez916@mail.com,Fremont,8981.11
0037520323160,2864931508,Alex Williams,alex.williams874@test.com,Santa Clara,5701.56
9307973753930,6606099890,Alex Miller,alex.miller848@mail.com,Sunnyvale,6133.69
7327136588581,6607612468,Chris Rodriguez,chris.rodriguez483@example.com,Palo Alto,9871.72
0986683614439,3921131828,Alex Brown,alex.brown332@example.com,Cupertino,6829.73
6860284032866,6696873717,Morgan Rodriguez,morgan.rodriguez123@example.com,Milpitas,5456.3
914432667294,0626449766,Casey Johnson,casey.johnson233@mail.com,Palo Alto,9255.62
5654028184161,9108138573,Taylor Brown,taylor.brown151@test.com,Palo Alto,4190.87
9971288037808,1005762617,John Smith,john.smith546@mail.com,San Jose,3704.55
6899334916000,3049815169,Taylor Davis,taylor.davis41@test.com,Cupertino,655.3
5857148069384,4069815095,John Rodriguez,john.rodriguez816@example.com,Milpitas,5556.2
5136071116514,8046128157,Jane Garcia,jane.garcia965@mail.com,San Jose,4979.93
0481733771859,1687212523,Riley Rodriguez,riley.rodriguez348@mail.com,Mountain View,8231.7
0979106275066,2253883037,Taylor Garcia,taylor.garcia542@example.com,Santa Clara,4502.48
493851795832,9490035778,Morgan Williams,morgan.williams150@example.com,Sunnyvale,665.32
1081567137128,3746377037,Riley Jones,riley.jones890@example.com,Milpitas,2721.62
7856655659656,2563427198,Morgan Brown,morgan.brown231@example.com,Milpitas,3322.93
743922512914,8750201787,Alex Brown,alex.brown780@example.com,Sunnyvale,5108.65
7835254652505,2247467218,Morgan Davis,morgan.davis386@mail.com,Fremont,8353.44
2442571585258,9976068588,Riley Smith,riley.smith446@example.com,Palo Alto,9247.98
4717556709919,4836964039,Taylor Garcia,taylor.garcia493@mail.com,Milpitas,2042.65
6696562207111,4728251040,Alex Jones,alex.jones462@mail.com,San Jose,6066.29
8668457523034,7038928539,Casey Martinez,casey.martinez666@mail.com,San Jose,4263.05
1265410033781,8600854872,Pat Rodriguez,pat.rodriguez537@example.com,Palo Alto,4470.67
0759618703734,3127025835,Casey Miller,casey.miller85@example.com,Mountain View,175.75
7361966554168,6183016247,Jane Smith,jane.smith950@mail.com,Cupertino,3084.43
7119792345895,4758738045,Jordan Garcia,jordan.garcia183@test.com,Cupertino,1457.25
8577464991865,2937572805,Riley Williams,riley.williams612@example.com,Sunnyvale,3494.49
6013879022138,9199400884,Chris Jones,chris.jones695@test.com,Milpitas,7645.93
4048377200041,1095041191,Pat Miller,pat.miller743@example.com,Sunnyvale,1404.4
0053439580461,5379849292,Jordan Martinez,jordan.martinez507@example.com,Milpitas,9100.76
7815990575930,2359067569,Taylor Brown,taylor.brown347@mail.com,Sunnyvale,2765.4
7793877735846,5639241189,Jordan Garcia,jordan.garcia794@mail.com,Fremont,5444.76
2060692266383,5673490321,Riley Martinez,riley.martinez296@example.com,San Jose,8007.44
8064780370165,8910260293,Pat Smith,pat.smith260@test.com,San Jose,2892.33
995468183986,0104705847,Jordan Johnson,jordan.johnson825@mail.com,San Jose,8645.95
9292914505216,6029209671,Riley Smith,riley.smith505@example.com,Milpitas,9045.46
565762356106,3184541921,Riley Smith,riley.smith275@example.com,Milpitas,9227.67
1199123254765,3610677228,Pat Johnson,pat.johnson277@example.com,Palo Alto,3295.35
0765558101375,1913319922,Chris Rodriguez,chris.rodriguez406@example.com,Sunnyvale,6573.44
8345478408214,5625137979,Jordan Miller,jordan.miller571@test.com,Milpitas,8062.76
1162599891551,8970447983,Pat Smith,pat.smith455@example.com,Milpitas,1439.06
8990501351433,665930530,Chris Johnson,chris.johnson573@example.com,Milpitas,1501.44
264566602631,1487023491,Jordan Davis,jordan.davis347@example.com,Cupertino,1766.96
591045862262,4521750627,Taylor Williams,taylor.williams608@mail.com,Santa Clara,7871.72
5374823334210,595382293,Chris Davis,chris.davis737@mail.com,Milpitas,4984.08
5004947311488,5150167152,Pat Garcia,pat.garcia680@mail.com,Fremont,1387.34
3833459013827,9344902717,John Brown,john.brown111@example.com,Cupertino,9589.86
4411792932874,4527630967,Chris Rodriguez,chris.rodriguez251@test.com,Fremont,7177.31
6765536734700,1639218174,Alex Williams,alex.williams583@mail.com,Milpitas,2856.09
0208568747185,6387055629,Jordan Miller,jordan.miller441@example.com,Fremont,7723.21
2168405523642,3522793023,Taylor Johnson,taylor.johnson949@mail.com,Santa Clara,1658.66
8118233435726,3932548713,Taylor Johnson,taylor.johnson205@mail.com,Milpitas,2426.03
3041553772224,6395528833,Riley Johnson,riley.johnson155@example.com,Cupertino,5119.21
3031291801961,7042941951,Casey Miller,casey.miller659@mail.com,Palo Alto,5196.91
0275882247469,9302684135,Casey Johnson,casey.johnson330@mail.com,Santa Clara,8917.88
5611089231639,4201120537,John Jones,john.jones101@test.com,Fremont,3231.17
9497109142066,1441033100,Jordan Williams,jordan.williams8@test.com,San Jose,4486.77
2509822429400,26380850,Morgan Jones,morgan.jones710@mail.com,Milpitas,3005.81
8516103042795,3307854569,John Johnson,john.johnson471@example.com,Santa Clara,1783.75
2260126460772,6249465727,Riley Davis,riley.davis357@test.com,Mountain View,6291.08
7234959363520,849330898,Riley Smith,riley.smith446@test.com,Mountain View,453.27
2548332129895,7419585805,Morgan Miller,morgan.miller794@test.com,Palo Alto,6366.26
1904835852106,1896746090,Casey Williams,casey.williams218@example.com,Sunnyvale,1055.58
298186653692,7727088096,Alex Martinez,alex.martinez421@test.com,Fremont,2130.49
7226742232413,7193782366,Taylor Brown,taylor.brown65@test.com,Fremont,9465.66
7803187536687,0930211764,Jane Smith,jane.smith865@example.com,Mountain View,3671.4
7375750268354,0960515844,Alex Garcia,alex.garcia706@test.com,Cupertino,1730.48
5461733708556,7938111671,Pat Johnson,pat.johnson33@mail.com,Palo Alto,3291.4
9168934085591,157037619,John Williams,john.williams918@mail.com,Mountain View,4881.03
0374778839878,8972369139,Morgan Smith,morgan.smith328@example.com,Cupertino,9999.7
5111728021718,288560629,Taylor Garcia,taylor.garcia369@test.com,Santa Clara,7873.67
2436617521880,7768458515,Taylor Smith,taylor.smith10@test.com,Sunnyvale,7254.4
9895164179690,7158200062,Chris Smith,chris.smith23@test.com,Cupertino,7595.63
6371751805877,8790229039,Morgan Miller,morgan.miller812@example.com,Cupertino,2446.07
7452451299533,5162198849,Morgan Garcia,morgan.garcia834@example.com,Santa Clara,1429.12
3529025714987,3023222763,Jane Smith,jane.smith168@example.com,Palo Alto,365.16
152435449667,7717190005,Jordan Williams,jordan.williams566@example.com,San Jose,3836.6
0515229897717,1494723790,Casey Jones,casey.jones678@test.com,Santa Clara,270.78
8859546747844,2876345572,Casey Martinez,casey.martinez443@mail.com,Sunnyvale,3298.22
081874882978,1424082993,Jordan Martinez,jordan.martinez517@test.com,Mountain View,8929.14
1176886055004,0931265823,Jordan Martinez,jordan.martinez628@mail.com,San Jose,9025.07
0237016364510,0687434080,Chris Miller,chris.miller599@mail.com,San Jose,7022.88
2137170323809,2762631439,Alex Johnson,alex.johnson948@test.com,Milpitas,5245.88
0856603888630,7242405310,Taylor Williams,taylor.williams459@mail.com,Sunnyvale,3953.88
5550003162040,0349969140,Casey Miller,casey.miller439@example.com,Santa Clara,6843.86
1551824605227,7294676180,Jordan Brown,jordan.brown416@example.com,Mountain View,9947.03
4982085593005,7951081348,Casey Johnson,casey.johnson177@mail.com,Santa Clara,7976.52
5558873225908,627224992,Riley Smith,riley.smith682@mail.com,Palo Alto,7975.38
6047784481475,2859942664,Jordan Smith,jordan.smith503@mail.com,Fremont,4907.33
5854313044893,8511707519,John Martinez,john.martinez207@mail.com,Milpitas,3516.78
4530293521518,6907460627,Taylor Brown,taylor.brown235@mail.com,Fremont,9302.82
6653536127404,8694866232,Casey Martinez,casey.martinez846@mail.com,San Jose,1272.15
6266127056354,0629321244,Alex Davis,alex.davis516@example.com,Palo Alto,3730.64
1168297992870,8241925028,Casey Rodriguez,casey.rodriguez111@mail.com,Mountain View,8081.42
8635667087695,4815037665,Casey Rodriguez,casey.rodriguez770@mail.com,Cupertino,763.8
8128962019685,429091925,Jane Miller,jane.miller744@example.com,Mountain View,9793.32
0257860868477,9467071275,Riley Davis,riley.davis772@mail.com,Cupertino,9154.93
5949163029792,5550343277,Jordan Brown,jordan.brown976@example.com,San Jose,7357.89
0679274595037,3415936367,Jordan Smith,jordan.smith35@example.com,Sunnyvale,5593.18
3113346684050,9236423440,Pat Johnson,pat.johnson902@test.com,San Jose,7268.38
5716769570996,018788014,Alex Miller,alex.miller31@test.com,Milpitas,1518.82
4372274884975,2032791467,Jane Jones,jane.jones928@example.com,Mountain View,3732.56
687984337316,8710553478,Jane Williams,jane.williams517@test.com,Fremont,9480.4
0367334859270,4098992238,John Martinez,john.martinez464@test.com,Fremont,847.62
0997551336788,1570193982,Jane Davis,jane.davis179@test.com,Milpitas,4272.91
6008643030708,4705104997,Casey Davis,casey.davis345@test.com,Sunnyvale,5469.99
6706500841747,8458198434,Morgan Jones,morgan.jones484@mail.com,Santa Clara,3973.4
2524023699815,4405690464,Jordan Garcia,jordan.garcia416@example.com,Milpitas,5101.31
351698735368,9513162608,Jane Rodriguez,jane.rodriguez506@example.com,Sunnyvale,3806.15
2228630587174,2549034483,Casey Smith,casey.smith149@mail.com,Santa Clara,7361.49
8929463313413,5791044381,Morgan Brown,morgan.brown993@mail.com,Mountain View,6205.64
5741320611198,6367223757,Riley Miller,riley.miller727@test.com,Palo Alto,6628.67
9444691938320,4998759302,Riley Johnson,riley.johnson747@test.com,San Jose,1505.15
3375641057024,8097555369,Casey Brown,casey.brown113@example.com,Santa Clara,2782.0
9176203781808,1219026813,Alex Brown,alex.brown715@mail.com,Fremont,6189.85
6103887369624,5134995607,John Rodriguez,john.rodriguez497@mail.com,San Jose,5292.12
7888542180036,9226413433,Taylor Williams,taylor.williams233@test.com,Palo Alto,1033.19
0243653169419,1625898334,Jane Brown,jane.brown241@mail.com,San Jose,1499.52
5989625383583,0094536137,Jane Johnson,jane.johnson885@example.com,Cupertino,401.23
9071457024911,3194882967,Casey Miller,casey.miller578@test.com,Cupertino,1054.34
670338810122,3871252654,Riley Williams,riley.williams549@example.com,Sunnyvale,8411.53
3283984877728,3094419667,Chris Rodriguez,chris.rodriguez421@test.com,Fremont,4313.79
9030693929048,4733573120,Jordan Jones,jordan.jones391@test.com,Santa Clara,9665.82
7788294967030,599211089,Chris Martinez,chris.martinez94@example.com,San Jose,2887.84
6197945546987,041185542,Jane Williams,jane.williams733@example.com,Santa Clara,8427.17
149221576051,6405671136,Alex Davis,alex.davis404@mail.com,Milpitas,1422.1
2891274981734,2533831225,Pat Williams,pat.williams648@test.com,Fremont,6788.54
7726791186039,934348875,Pat Garcia,pat.garcia19@test.com,Fremont,9760.4
3076682107992,3049615057,Taylor Brown,taylor.brown81@test.com,Santa Clara,2677.03
3975507889726,600474816,Casey Williams,casey.williams16@example.com,Cupertino,459.91
8706867428719,3063354160,John Rodriguez,john.rodriguez308@example.com,Santa Clara,9010.26
8557367348029,4209601537,Jordan Davis,jordan.davis125@test.com,Palo Alto,8697.89
7411275767978,7622965381,Riley Brown,riley.brown549@test.com,Mountain View,5645.86
6259417599915,0151198121,Morgan Jones,morgan.jones490@test.com,Santa Clara,6578.91
2113424399116,1886917208,Casey Johnson,casey.johnson491@test.com,Mountain View,9654.42
7668919519014,1379325748,Jordan Garcia,jordan.garcia701@test.com,San Jose,7196.72
140711086963,9445879823,Riley Garcia,riley.garcia537@mail.com,Milpitas,9888.48
1602428650155,1367965977,Jane Smith,jane.smith287@example.com,Cupertino,2508.36
0173442783842,175600484,Taylor Brown,taylor.brown825@test.com,Palo Alto,2542.75
9348329745970,404551046,Pat Miller,pat.miller438@example.com,Cupertino,4351.71
6452166193966,2883144606,Casey Brown,casey.brown171@example.com,Milpitas,1890.61
7930997804803,5359645979,Pat Johnson,pat.johnson429@mail.com,San Jose,4258.62
9914447191323,0896097294,Casey Jones,casey.jones713@test.com,Cupertino,1810.53
3407813159553,5880622877,Pat Davis,pat.davis432@example.com,Fremont,7663.12
1309650131609,0808847767,John Jones,john.jones67@mail.com,Fremont,6940.93
0014349292819,5858040327,Jordan Miller,jordan.miller114@mail.com,Mountain View,5898.31
979236120192,6674476275,Casey Garcia,casey.garcia370@mail.com,Palo Alto,6120.91
754728698657,5994771182,Jane Miller,jane.miller657@mail.com,Sunnyvale,5393.12
2442456986861,0925435041,Casey Jones,casey.jones980@test.com,San Jose,7415.07
0512756986933,6271039017,Chris Davis,chris.davis747@mail.com,Fremont,7613.55
3911492669382,4392220654,Taylor Williams,taylor.williams942@mail.com,Santa Clara,2804.29
2252845994227,2027679800,Jane Williams,jane.williams802@example.com,Milpitas,6876.55
5684969889875,2284830776,Morgan Johnson,morgan.johnson451@example.com,Milpitas,1485.87
7881059059868,1050055888,Pat Jones,pat.jones997@mail.com,Santa Clara,6369.24
3060565149563,0513408396,Taylor Davis,taylor.davis263@example.com,San Jose,8935.16
9213610645847,3561449212,Taylor Brown,taylor.brown366@test.com,Santa Clara,3290.34
1053614558539,4383901991,Jordan Williams,jordan.williams617@mail.com,Fremont,6486.47
7708170634554,8230075618,Casey Johnson,casey.johnson966@test.com,Cupertino,1396.54
8733105191756,6568557137,Jordan Martinez,jordan.martinez981@mail.com,Milpitas,8139.25
2341672083311,7992243158,Jane Davis,jane.davis925@example.com,Cupertino,2900.66
0107795796676,9268811320,Morgan Miller,morgan.miller589@test.com,Milpitas,5974.73
8194834303091,8564326300,Pat Rodriguez,pat.rodriguez561@test.com,Sunnyvale,9762.28
2872514771759,5995150206,Pat Smith,pat.smith374@test.com,Sunnyvale,3934.48
8475782538865,9568998762,Casey Johnson,casey.johnson668@test.com,Mountain View,1752.65
1144679145547,9305011956,Taylor Martinez,taylor.martinez120@test.com,Cupertino,2896.65
438263728615,4699586341,John Miller,john.miller147@test.com,Palo Alto,2910.22
0589080955875,9314710553,Pat Davis,pat.davis967@example.com,Sunnyvale,7244.21
6012022126519,0036748847,John Rodriguez,john.rodriguez875@test.com,San Jose,6967.44
3763702362447,8329488471,Casey Martinez,casey.martinez863@test.com,Cupertino,5604.85
5442372430063,8054646770,Taylor Jones,taylor.jones89@test.com,Fremont,4087.31
2254632401107,6600771273,Jane Miller,jane.miller408@mail.com,Cupertino,8558.33
4454430194210,5339298932,Chris Williams,chris.williams26@test.com,San Jose,7427.7
0644996103871,4851348920,Jordan Brown,jordan.brown995@test.com,San Jose,7412.33
352228712383,3998857014,Chris Davis,chris.davis857@mail.com,San Jose,8667.02
8525116673538,3633047513,Morgan Martinez,morgan.martinez16@example.com,Cupertino,5306.85
8139306642211,5164762802,Jane Garcia,jane.garcia201@mail.com,Milpitas,9950.01
5907161906694,5832288003,Pat Williams,pat.williams257@example.com,Palo Alto,736.66
7501349661465,5806245183,Casey Davis,casey.davis442@mail.com,Fremont,9142.2
6366076038236,3657101911,Jordan Martinez,jordan.martinez95@example.com,Mountain View,5798.05
1994472475424,2133879023,Chris Smith,chris.smith752@example.com,Sunnyvale,4353.03
4064588844814,9343031368,Riley Rodriguez,riley.rodriguez979@test.com,San Jose,7115.83
0631176373566,2922179433,Morgan Garcia,morgan.garcia285@mail.com,Palo Alto,7387.72
5906456521165,7374954870,Jordan Garcia,jordan.garcia868@example.com,Milpitas,7411.11
